{
    "loss": 0.24176040291786194,
    "accuracy": 0.9137930870056152
}