{
    "loss": 0.346969872713089,
    "accuracy": 0.8793103694915771
}